Filename,Cell_Type_ID,Cell_Type_Name,Original_Count,Count,Count_Change,Proportion,Percentage,Cells_Per_Tile,Cells_Per_mm2,TypeProb_Min,TypeProb_Median,TypeProb_Mean,TypeProb_Max,TypeProb_Std,Threshold
tile_39520_7904_threshold_50.json,0,Undefined,49,174,125,0.06951658010387535,6.9516580103875345,174.0,10.875,0.00772200769219302,0.4507154180784404,0.5250216833582682,0.9999999977578475,0.3238753356139529,0.5
tile_39520_7904_threshold_50.json,1,Epithelium (PD-L1lo/Ki67lo),191,167,-24,0.06671993607670795,6.671993607670795,167.0,10.4375,0.5042734999634744,0.8949152512036771,0.8436485198722183,0.9999999972677596,0.15073731086497372,0.5
tile_39520_7904_threshold_50.json,2,Epithelium (PD-L1hi/Ki67hi),217,196,-21,0.07830603276068718,7.830603276068718,196.0,12.25,0.5041782715761051,0.9031196501602342,0.8430942029645063,0.9999999991166076,0.14742047223549135,0.5
tile_39520_7904_threshold_50.json,3,Macrophage,228,209,-19,0.08349980023971235,8.349980023971234,209.0,13.0625,0.5015673965468107,0.9278074841502474,0.8569270939671222,0.9999999977973568,0.151880280655666,0.5
tile_39520_7904_threshold_50.json,4,Lymphocyte,1541,1511,-30,0.6036755892928486,60.36755892928486,1511.0,94.4375,0.5037593972336857,0.993079581338825,0.9524388128659363,0.999999997983871,0.09941648039059302,0.5
tile_39520_7904_threshold_50.json,5,Vascular,10,10,0,0.003995205753096284,0.3995205753096284,10.0,0.625,0.5131264904221324,0.7870875148275851,0.7703777179303755,0.9943502796769766,0.1910124820293017,0.5
tile_39520_7904_threshold_50.json,6,Fibroblast/Stroma,267,236,-31,0.09428685577307232,9.428685577307231,236.0,14.75,0.5130890038924372,0.9114594938746039,0.8605997123091333,0.9999999977973568,0.1308798573795775,0.5
